 time (us) ,dim1 util,
10.000000,100.000000,
20.000000,100.000000,
30.000000,100.000000,
40.000000,100.000000,
50.000000,100.000000,
60.000000,100.000000,
70.000000,100.000000,
80.000000,100.000000,
,
